title,date
လားရှိုးမှာ စစ်ကောင်စီတပ်သား ၃၀၀ ကျော်လက်နက်ချ,လွန်ခဲ့သော တစ်နာရီ က
စစ်ကောင်စီ ဥက္ကဋ္ဌ ယာယီသမ္မတဖြစ်,လွန်ခဲ့သော တစ်နာရီ က
စစ်အာဏာသိမ်းမှု - နယ်စပ်ရောက်မြန်မာခိုလှုံသူတွေ တတိယနိုင်ငံရောက်ဖို့လွယ်ကူလား,လွန်ခဲ့သော ၄ နာရီ က
ခမီ စစ်ရှောင်တွေကို စစ်ကောင်စီ သင်တန်းပေးထားတဲ့ အဖွဲ့တွေ သတ်ဖြတ်ခဲ့တယ်လို့ အေအေပြော,၂၂ ဇူလိုင် ၂၀၂၄
ရှမ်းပြည်တောင်ပိုင်းမှာ ထိတွေ့ တိုက်ပွဲတွေ ရှိ,၂၂ ဇူလိုင် ၂၀၂၄
စစ်တပ်ပြင်တဲ့ရွေးကောက်ပွဲနဲ့ တရုတ်ဖိအားဘယ်လောက်ဆက်စပ်နေလဲ,၂၂ ဇူလိုင် ၂၀၂၄
ဇူလိုင် ၂၁ ရက် နိုင်ငံတဝန်းသတင်းအနှစ်ချုပ်- စစ်ကောင်စီက ရေကြောင်းကနေ စဥ်ကူးမြို့ ကို လက်နက်ကြီးနဲ့ပစ်,၂၁ ဇူလိုင် ၂၀၂၄
အိမ်ပြန်ခွင့်ရခဲ့တဲ့ LGBT တော်လှန်ရေးတပ်သား,၂၁ ဇူလိုင် ၂၀၂၄
လူနှစ်ဒါဇင်ကျော် သေတဲ့ ကျိုက်မရော လေကြောင်းတိုက်ခိုက်ခံရမှု ဘယ်လိုဖြစ်ခဲ့လဲ,၂၀ ဇူလိုင် ၂၀၂၄
ဇူလိုင် ၂၀ ရက် နိုင်ငံတဝန်းသတင်းအနှစ်ချုပ် - တစ်လကျော်အတွင်း မြန်မာ ၈ သောင်းကျော် ထိုင်းမှာ အဖမ်းခံရ,၂၀ ဇူလိုင် ၂၀၂၄
၁၀၂၇ စစ်ဆင်ရေး ဒုတိယပိုင်း အရပ်သား သေဆုံးမှု ရာချီရှိ,၁၉ ဇူလိုင် ၂၀၂၄
ယာယီ သမ္မတ မရှိရင် ကာလုံ အစည်းအဝေး ဘာဖြစ်လာနိုင်မလဲ,၁၉ ဇူလိုင် ၂၀၂၄
၁၀၂၇ စစ်ဆင်ရေးမှာ ဝ တပ်ဖွဲ့ ဘယ်လိုရပ်တည်လဲ,၁၉ ဇူလိုင် ၂၀၂၄
SSPP တပ်တွေ ဝင်ရောက် နေရာယူထားတယ်လို့ TNLA ပြော,၁၈ ဇူလိုင် ၂၀၂၄
ရူပီးနဲ့ ကျပ် တိုက်ရိုက် ပေးချေနိုင်ဖို့ စစ်ကောင်စီ ပြင်ဆင်,၁၈ ဇူလိုင် ၂၀၂၄
စဉ့်ကူးမြို့ကို PDF နဲ့ မဟာမိတ်တွေ ထိန်းချုပ်,၁၇ ဇူလိုင် ၂၀၂၄
သံတွဲကို AA ထိန်းချုပ်နိုင်ပြီလား,၁၇ ဇူလိုင် ၂၀၂၄
ပြည်တွင်းစစ်ထဲက လက်နက်စျေးကွက်,၁၇ ဇူလိုင် ၂၀၂၄
ရှမ်းမြောက်ပိုင်းမှာ အပစ်ရပ်ပေမယ့် တိုက်ပွဲတွေ ဖြစ်နေဆဲ,၁၆ ဇူလိုင် ၂၀၂၄
မြန်မာပါတီ ၄ ခုကို တရုတ် ကွန်မြူနစ်ပါတီ ဖိတ်ကြား,၁၆ ဇူလိုင် ၂၀၂၄
စစ်ဘေးရှောင်ရင်း ရေဘေးဒုက္ခဆင့်ကဲကြုံရသူတွေ,၁၆ ဇူလိုင် ၂၀၂၄
ရှမ်း-မန်း စစ်ဆင်ရေးကြောင့် မန္တလေးမှာ စစ်ကောင်စီ လုံခြုံရေးတိုးမြှင့်,၁၅ ဇူလိုင် ၂၀၂၄
ရခိုင် မြေမြှုပ်မိုင်း အန္တရာယ် အေအေ သတိပေး,၁၅ ဇူလိုင် ၂၀၂၄
ဇူလိုင် ၁၄ ရက် နိုင်ငံတဝန်းသတင်းအနှစ်ချုပ် - တရုတ်စိုးရိမ်ချက်ကြောင့် ကိုးကန့်တပ် လေးရက်ကြာ အပစ်ရပ်မယ်,၁၄ ဇူလိုင် ၂၀၂၄
